Symbol,Name,Last Sale,Net Change,% Change,Market Cap,Country,IPO Year,Volume,Sector,Industry
ABCL,AbCellera Biologics Inc. Common Shares,$2.03,-0.16,-7.306%,598171030.00,Canada,2020,5108084,Health Care,Pharmaceuticals and Biotechnology
ABSI,Absci Corporation Common Stock,$2.65,-0.22,-7.666%,337434801.00,United States,2021,2602450,Health Care,Biotechnology: Commercial Physical & Biological Resarch
ABUS,Arbutus Biopharma Corporation Common Stock,$3.32,-0.19,-5.413%,635714224.00,Canada,,821066,Health Care,Biotechnology: Pharmaceutical Preparations
ABVX,Abivax SA American Depositary Shares,$6.75,-0.37,-5.197%,427837228.00,France,2023,164631,Health Care,Biotechnology: Pharmaceutical Preparations
ACAD,ACADIA Pharmaceuticals Inc. Common Stock,$14.54,-0.60,-3.963%,2425105037.00,United States,1985,1897545,Health Care,Biotechnology: Pharmaceutical Preparations
ACHC,Acadia Healthcare Company Inc. Common Stock,$23.80,0.99,4.34%,2211330400.00,United States,,2500524,Health Care,Medical Specialities
ACLX,Arcellx Inc. Common Stock,$52.80,-11.85,-18.329%,2901043834.00,United States,2022,2997209,Health Care,Biotechnology: Biological Products (No Diagnostic Substances)
ADAP,Adaptimmune Therapeutics plc American Depositary Shares,$0.30,-0.0027,-0.892%,463017494.00,United Kingdom,2015,1114446,Health Care,Biotechnology: Biological Products (No Diagnostic Substances)
ADMA,ADMA Biologics Inc Common Stock,$23.12,-0.59,-2.488%,5493661112.00,United States,,3047151,Health Care,Biotechnology: Biological Products (No Diagnostic Substances)
ADPT,Adaptive Biotechnologies Corporation Common Stock,$8.81,-1.22,-12.164%,1338386321.00,United States,2019,5517444,Health Care,Biotechnology: Biological Products (No Diagnostic Substances)
ADUS,Addus HomeCare Corporation Common Stock,$108.62,4.25,4.072%,1973936596.00,United States,2009,392879,Health Care,Medical/Nursing Services
AGIO,Agios Pharmaceuticals Inc. Common Stock,$28.32,-1.65,-5.506%,1640158436.00,United States,2013,836973,Health Care,Biotechnology: Pharmaceutical Preparations
AHCO,AdaptHealth Corp. Common Stock,$8.85,0.15,1.724%,1193573047.00,United States,2018,2490891,Health Care,Medical/Nursing Services
AKBA,Akebia Therapeutics Inc. Common Stock,$2.32,-0.02,-0.855%,548056052.00,United States,2014,3877437,Health Care,Biotechnology: Pharmaceutical Preparations
AKRO,Akero Therapeutics Inc. Common Stock,$42.02,-2.90,-6.456%,3345637779.00,United States,2019,1077377,Health Care,Biotechnology: Pharmaceutical Preparations
ALHC,Alignment Healthcare Inc. Common Stock,$15.72,0.24,1.55%,3110097493.00,United States,2021,2935828,Health Care,Medical Specialities
ALKS,Alkermes plc Ordinary Shares,$30.36,-1.04,-3.312%,5006403013.00,Ireland,1991,1591374,Health Care,Biotechnology: Pharmaceutical Preparations
ALT,Altimmune Inc. Common Stock,$5.03,-0.40,-7.366%,387378700.00,United States,,2904922,Health Care,Biotechnology: Pharmaceutical Preparations
ALVO,Alvotech Ordinary Shares,$7.97,-0.36,-4.322%,2405391246.00,Luxembourg,,97852,Health Care,Biotechnology: Biological Products (No Diagnostic Substances)
ALVOW,Alvotech Warrant,$1.29,-0.03,-2.273%,389329323.00,Luxembourg,,501,Health Care,Biotechnology: Biological Products (No Diagnostic Substances)
AMED,Amedisys Inc Common Stock,$96.11,-0.14,-0.145%,3154295408.00,United States,,364448,Health Care,Medical/Nursing Services
AMLX,Amylyx Pharmaceuticals Inc. Common Stock,$4.65,-0.50,-9.709%,412001476.00,United States,2022,1234833,Health Care,Biotechnology: Pharmaceutical Preparations
AMPH,Amphastar Pharmaceuticals Inc. Common Stock,$23.87,-1.25,-4.976%,1137408388.00,United States,2014,751946,Health Care,Biotechnology: Pharmaceutical Preparations
AMRX,Amneal Pharmaceuticals Inc. Class A Common Stock,$7.18,-0.36,-4.775%,2225558328.00,United States,,2883364,Health Care,Biotechnology: Pharmaceutical Preparations
ANAB,AnaptysBio Inc. Common Stock,$20.12,-0.61,-2.943%,617015634.00,United States,2017,731686,Health Care,Biotechnology: Pharmaceutical Preparations
ANGO,AngioDynamics Inc. Common Stock,$8.63,-0.39,-4.324%,350438289.00,United States,2004,356976,Health Care,Medical/Dental Instruments
ANIP,ANI Pharmaceuticals Inc.,$70.27,-2.29,-3.156%,1477782949.00,United States,,649221,Health Care,Biotechnology: Pharmaceutical Preparations
APGE,Apogee Therapeutics Inc. Common Stock,$35.57,-3.82,-9.698%,2116528255.00,United States,2023,878296,Health Care,Biotechnology: Biological Products (No Diagnostic Substances)
APLS,Apellis Pharmaceuticals Inc. Common Stock,$19.12,-0.86,-4.304%,2399862345.00,United States,2017,4271601,Health Care,Biotechnology: Pharmaceutical Preparations
ARDX,Ardelyx Inc. Common Stock,$3.95,0.215,5.756%,945058087.00,United States,2014,8929170,Health Care,Biotechnology: Pharmaceutical Preparations
ARQT,Arcutis Biotherapeutics Inc. Common Stock,$14.32,-1.09,-7.073%,1698899525.00,United States,2020,3580031,Health Care,Biotechnology: Pharmaceutical Preparations
ARVN,Arvinas Inc. Common Stock,$6.95,-0.68,-8.912%,507290161.00,United States,2018,2919340,Health Care,Biotechnology: Pharmaceutical Preparations
ARWR,Arrowhead Pharmaceuticals Inc. Common Stock,$13.08,-0.90,-6.438%,1649363292.00,United States,,2241816,Health Care,Biotechnology: Pharmaceutical Preparations
ASND,Ascendis Pharma A/S American Depositary Shares,$162.84,-7.90,-4.627%,9882676063.00,Denmark,2015,825122,Health Care,Biotechnology: Pharmaceutical Preparations
ATEC,Alphatec Holdings Inc. Common Stock,$12.17,0.19,1.586%,1778921796.00,United States,2006,2216969,Health Care,Medical/Dental Instruments
ATRC,AtriCure Inc. Common Stock,$29.85,0.78,2.683%,1477719802.00,United States,2005,1117576,Health Care,Medical/Dental Instruments
AUPH,Aurinia Pharmaceuticals Inc Ordinary Shares,$8.12,-0.14,-1.695%,1161086709.00,Canada,,942492,Health Care,Biotechnology: Pharmaceutical Preparations
AUTL,Autolus Therapeutics plc American Depositary Share,$1.18,-0.15,-11.278%,314032102.00,United Kingdom,2018,1939183,Health Care,Biotechnology: Biological Products (No Diagnostic Substances)
AVAH,Aveanna Healthcare Holdings Inc. Common Stock,$4.79,0.05,1.055%,934499618.00,United States,2021,347968,Health Care,Medical/Nursing Services
AVBP,ArriVent BioPharma Inc. Common Stock,$19.69,-1.12,-5.382%,669778919.00,United States,2024,182006,Health Care,Biotechnology: Pharmaceutical Preparations
AVDL,Avadel Pharmaceuticals plc Ordinary Share,$8.64,-0.40,-4.425%,834878318.00,France,,4050643,Health Care,Biotechnology: Pharmaceutical Preparations
AVXL,Anavex Life Sciences Corp. Common Stock,$8.23,-0.68,-7.632%,700078358.00,United States,,1120842,Health Care,Biotechnology: Biological Products (No Diagnostic Substances)
AXGN,Axogen Inc. Common Stock,$16.41,-0.34,-2.03%,727681512.00,United States,,402516,Health Care,Biotechnology: Electromedical & Electrotherapeutic Apparatus
AXSM,Axsome Therapeutics Inc. Common Stock,$112.16,-4.33,-3.717%,5469527600.00,United States,2015,716118,Health Care,Biotechnology: Pharmaceutical Preparations
BBIO,BridgeBio Pharma Inc. Common Stock,$36.94,-1.28,-3.349%,7014193797.00,United States,2019,4393298,Health Care,Biotechnology: Pharmaceutical Preparations
BBNX,Beta Bionics Inc. Common Stock,$11.35,-0.33,-2.825%,492009334.00,United States,2025,469881,Health Care,Medical/Dental Instruments
BCAX,Bicara Therapeutics Inc. Common Stock,$12.67,-1.33,-9.50%,690810540.00,United States,2024,991547,Health Care,Biotechnology: Pharmaceutical Preparations
BCRX,BioCryst Pharmaceuticals Inc. Common Stock,$10.27,-0.76,-6.89%,2146019405.00,United States,1994,14478419,Health Care,Biotechnology: Biological Products (No Diagnostic Substances)
BCYC,Bicycle Therapeutics plc American Depositary Shares,$7.40,-1.66,-18.322%,512479186.00,United Kingdom,2019,581206,Health Care,Biotechnology: Pharmaceutical Preparations
BEAM,Beam Therapeutics Inc. Common Stock,$15.99,-3.83,-19.324%,1338175837.00,United States,2020,5159182,Health Care,Biotechnology: Biological Products (No Diagnostic Substances)
BLFS,BioLife Solutions Inc. Common Stock,$21.95,-2.25,-9.298%,1031650000.00,United States,,1213403,Health Care,Biotechnology: Electromedical & Electrotherapeutic Apparatus
BLTE,Belite Bio Inc American Depositary Shares,$61.11,-1.39,-2.224%,1972738537.00,United States,2022,13487,Health Care,Biotechnology: Pharmaceutical Preparations
BNTC,Benitec Biopharma Inc. Common Stock,$13.90,-0.53,-3.673%,355093403.00,United States,2015,17078,Health Care,Biotechnology: Pharmaceutical Preparations
BPMC,Blueprint Medicines Corporation Common Stock,$99.16,-2.675,-2.627%,6403967283.00,United States,2015,1543228,Health Care,Biotechnology: Pharmaceutical Preparations
BTSG,BrightSpring Health Services Inc. Common Stock,$21.83,0.68,3.215%,3803773764.00,United States,2024,8770220,Health Care,Medical/Nursing Services
BVS,Bioventus Inc. Class A Common Stock,$6.20,-0.83,-11.807%,508050351.00,United States,2021,1706123,Health Care,Medical/Dental Instruments
CAPR,Capricor Therapeutics Inc. Common Stock,$7.30,-3.00,-29.126%,333436275.00,United States,,9467234,Health Care,Biotechnology: Pharmaceutical Preparations
CBLL,CeriBell Inc. Common Stock,$15.77,-0.41,-2.534%,565643706.00,United States,2024,308037,Health Care,Biotechnology: Electromedical & Electrotherapeutic Apparatus
CDNA,CareDx Inc. Common Stock,$14.18,-0.99,-6.526%,789550185.00,United States,2014,1686294,Health Care,Medical Specialities
CELC,Celcuity Inc. Common Stock,$10.12,-0.73,-6.728%,382934647.00,United States,2017,271453,Health Care,Medical Specialities
CGEM,Cullinan Therapeutics Inc. Common Stock,$7.85,-0.42,-5.079%,459325684.00,United States,2021,670025,Health Care,Biotechnology: Biological Products (No Diagnostic Substances)
CKPT,Checkpoint Therapeutics Inc. Common Stock,$4.15,0.00,0.00%,347619492.00,United States,,468865,Health Care,Biotechnology: Pharmaceutical Preparations
CLDX,Celldex Therapeutics Inc.,$18.40,-1.89,-9.315%,1221462122.00,United States,,895791,Health Care,Biotechnology: In Vitro & In Vivo Diagnostic Substances
CLOV,Clover Health Investments Corp. Class A Common Stock,$3.35,0.00,0.00%,1711537472.00,United States,,4436105,Health Care,Medical Specialities
CLPT,ClearPoint Neuro Inc. Common Stock,$13.11,-0.77,-5.548%,362259873.00,United States,,293106,Health Care,Medical/Dental Instruments
CMPS,COMPASS Pathways Plc American Depository Shares,$3.645,-0.395,-9.777%,337793566.00,United Kingdom,2020,859698,Health Care,Biotechnology: Pharmaceutical Preparations
CNTA,Centessa Pharmaceuticals plc American Depositary Shares,$12.01,-1.56,-11.496%,1599544031.00,United Kingdom,2021,1071302,Health Care,Biotechnology: Pharmaceutical Preparations
COGT,Cogent Biosciences Inc. Common Stock,$4.70,-0.87,-15.619%,535095423.00,United States,2018,1246070,Health Care,Biotechnology: Pharmaceutical Preparations
COLL,Collegium Pharmaceutical Inc. Common Stock,$27.03,-0.75,-2.70%,851053687.00,United States,2015,293366,Health Care,Biotechnology: Pharmaceutical Preparations
CORT,Corcept Therapeutics Incorporated Common Stock,$70.74,-3.20,-4.328%,7463312780.00,United States,2004,1916862,Health Care,Biotechnology: Pharmaceutical Preparations
CPRX,Catalyst Pharmaceuticals Inc. Common Stock,$23.06,-1.24,-5.103%,2800629044.00,United States,2006,1248207,Health Care,Biotechnology: Pharmaceutical Preparations
CRMD,CorMedix Inc. Common Stock,$11.16,2.13,23.588%,727428564.00,United States,,4189655,Health Care,Biotechnology: Pharmaceutical Preparations
CRNX,Crinetics Pharmaceuticals Inc. Common Stock,$30.52,-3.13,-9.302%,2839841380.00,United States,2018,1068813,Health Care,Biotechnology: Pharmaceutical Preparations
CRON,Cronos Group Inc. Common Share,$1.85,-0.05,-2.632%,707219341.00,Canada,,1457230,Health Care, Medicinal Chemicals and Botanical Products 
CRSP,CRISPR Therapeutics AG Common Shares,$33.16,-4.46,-11.855%,2844281558.00,Switzerland,2016,3904865,Health Care,Biotechnology: Biological Products (No Diagnostic Substances)
CSTL,Castle Biosciences Inc. Common Stock,$16.62,-2.13,-11.36%,473904492.00,United States,2019,1563475,Health Care,Medical Specialities
CVAC,CureVac N.V. Ordinary Shares,$3.36,-0.11,-3.17%,753776544.00,Germany,2020,768273,Health Care,Biotechnology: Pharmaceutical Preparations
CYCCP,Cyclacel Pharmaceuticals Inc. 6% Convertible Preferred Stock,$3.74,0.00,0.00%,775438095.00,United States,,119,Health Care,Biotechnology: Pharmaceutical Preparations
CYTK,Cytokinetics Incorporated Common Stock,$33.97,-2.70,-7.363%,4022411105.00,United States,2004,2954010,Health Care,Biotechnology: Pharmaceutical Preparations
DAWN,Day One Biopharmaceuticals Inc. Common Stock,$6.99,-0.49,-6.551%,708468067.00,United States,2021,2088551,Health Care,Biotechnology: Pharmaceutical Preparations
DCTH,Delcath Systems Inc. Common Stock,$11.72,-0.27,-2.252%,391484777.00,United States,,498578,Health Care,Medical/Dental Instruments
DNLI,Denali Therapeutics Inc. Common Stock,$13.97,-2.02,-12.633%,2028659012.00,United States,2017,2093948,Health Care,Biotechnology: Biological Products (No Diagnostic Substances)
DNTH,Dianthus Therapeutics Inc. Common Stock,$19.95,-1.60,-7.425%,640897321.00,United States,2018,312497,Health Care,Biotechnology: Pharmaceutical Preparations
DVAX,Dynavax Technologies Corporation Common Stock,$10.92,-0.34,-3.02%,1354853453.00,United States,2004,3491262,Health Care,Biotechnology: Pharmaceutical Preparations
DYN,Dyne Therapeutics Inc. Common Stock,$10.02,-1.81,-15.30%,1133475997.00,United States,2020,6130555,Health Care,Biotechnology: Pharmaceutical Preparations
ELVN,Enliven Therapeutics Inc. Common Stock,$19.69,-0.70,-3.433%,964897128.00,United States,2020,594529,Health Care,Biotechnology: Pharmaceutical Preparations
EMBC,Embecta Corp. Common Stock,$12.21,-0.25,-2.006%,709821439.00,United States,,336400,Health Care,Medical/Dental Instruments
ENSG,The Ensign Group Inc. Common Stock,$133.56,1.78,1.351%,7678678667.00,United States,2007,289924,Health Care,Hospital/Nursing Management
EOLS,Evolus Inc. Common Stock,$11.61,-0.40,-3.331%,738242202.00,United States,2018,1098673,Health Care,Biotechnology: Pharmaceutical Preparations
ERAS,Erasca Inc. Common Stock,$1.25,-0.20,-13.793%,354082145.00,United States,2021,1069174,Health Care,Biotechnology: Pharmaceutical Preparations
ETNB,89bio Inc. Common Stock,$7.75,-0.86,-9.988%,1131377411.00,United States,2019,2727934,Health Care,Biotechnology: Pharmaceutical Preparations
ETON,Eton Pharmaceuticals Inc. Common Stock,$16.63,-0.34,-2.004%,445975607.00,United States,2018,185552,Health Care,Biotechnology: Pharmaceutical Preparations
EVO,Evotec SE American Depositary Shares,$4.05,-0.12,-2.878%,359206735.00,Germany,2021,652480,Health Care,Biotechnology: Pharmaceutical Preparations
EWTX,Edgewise Therapeutics Inc. Common Stock,$14.38,-2.16,-13.059%,1369051970.00,United States,2021,1399501,Health Care,Biotechnology: Pharmaceutical Preparations
EYE,National Vision Holdings Inc. Common Stock,$13.33,0.08,0.604%,1050183815.00,United States,2017,4353535,Health Care,Ophthalmic Goods
FLGT,Fulgent Genetics Inc. Common Stock,$18.82,-0.74,-3.783%,572948458.00,United States,2016,362008,Health Care,Medical Specialities
FOLD,Amicus Therapeutics Inc. Common Stock,$6.19,-0.34,-5.207%,1906092791.00,United States,2007,5544969,Health Care,Biotechnology: Pharmaceutical Preparations
FTRE,Fortrea Holdings Inc. Common Stock,$5.51,-0.42,-7.083%,497002000.00,United States,,2279398,Health Care,Medical Specialities
GERN,Geron Corporation Common Stock,$1.32,-0.10,-7.042%,840713900.00,United States,1996,16145097,Health Care,Biotechnology: Pharmaceutical Preparations
GH,Guardant Health Inc. Common Stock,$41.93,-2.12,-4.813%,5194625727.00,United States,2018,4063130,Health Care,Medical Specialities
GHRS,GH Research PLC Ordinary Shares,$10.10,-1.08,-9.66%,626484265.00,Ireland,2021,99121,Health Care,Biotechnology: Pharmaceutical Preparations
GLPG,Galapagos NV American Depositary Shares,$26.27,-0.88,-3.241%,1731116055.00,Belgium,2015,286330,Health Care,Biotechnology: Pharmaceutical Preparations
GPCR,Structure Therapeutics Inc. American Depositary Shares,$25.33,-2.215,-8.041%,1452494340.00,United States,2023,1128305,Health Care,Biotechnology: Pharmaceutical Preparations
GRAL,GRAIL Inc. Common Stock ,$32.16,-2.10,-6.13%,1090071111.00,United States,,1270775,Health Care,Medical Specialities
GRFS,Grifols S.A. American Depositary Shares,$7.22,-0.23,-3.087%,4964146436.00,Spain,,807131,Health Care,Biotechnology: Pharmaceutical Preparations
GYRE,Gyre Therapeutics Inc. Common Stock,$8.71,-0.10,-1.135%,815364370.00,United States,2006,152692,Health Care,Biotechnology: Pharmaceutical Preparations
HALO,Halozyme Therapeutics Inc. Common Stock,$59.38,-1.24,-2.046%,7312825140.00,United States,,2488362,Health Care,Biotechnology: Biological Products (No Diagnostic Substances)
HCSG,Healthcare Services Group Inc. Common Stock,$14.39,-0.18,-1.235%,1049299086.00,United States,1983,812205,Health Care,Hospital/Nursing Management
HRMY,Harmony Biosciences Holdings Inc. Common Stock,$32.05,2.09,6.976%,1837926833.00,United States,2020,1506344,Health Care,Biotechnology: Pharmaceutical Preparations
HROW,Harrow Inc. Common Stock,$24.12,-0.61,-2.467%,859978605.00,United States,,380484,Health Care,Biotechnology: Pharmaceutical Preparations
HROWL,Harrow Inc. 8.625% Senior Notes due 2026,$25.3299,0.0299,0.118%,903116586.00,United States,,2019,Health Care,Biotechnology: Pharmaceutical Preparations
HROWM,Harrow  Inc. 11.875% Senior Notes due 2027,$26.6438,0.00,0.00%,949962601.00,United States,,53,Health Care,Biotechnology: Pharmaceutical Preparations
HRTX,Heron Therapeutics Inc. Common Stock,$2.42,0.29,13.615%,368637603.00,United States,,7422889,Health Care,Biotechnology: Pharmaceutical Preparations
HSIC,Henry Schein Inc. Common Stock,$66.24,-0.34,-0.511%,8225469973.00,United States,1995,1935057,Health Care,Medical Specialities
IART,Integra LifeSciences Holdings Corporation Common Stock,$12.75,-0.53,-3.991%,984541230.00,United States,,2638548,Health Care,Medical/Dental Instruments
IBRX,ImmunityBio Inc. Common Stock,$2.01,-0.09,-4.286%,1715418695.00,United States,2015,22458377,Health Care,Biotechnology: Biological Products (No Diagnostic Substances)
ICUI,ICU Medical Inc. Common Stock,$134.32,-1.68,-1.235%,3293392080.00,United States,1992,297522,Health Care,Medical/Dental Instruments
IDYA,IDEAYA Biosciences Inc. Common Stock,$17.75,-2.72,-13.288%,1553788690.00,United States,2019,2102758,Health Care,Biotechnology: Pharmaceutical Preparations
IMCR,Immunocore Holdings plc American Depositary Shares,$28.06,-2.57,-8.39%,1349358989.00,United Kingdom,2021,194586,Health Care,Biotechnology: Biological Products (No Diagnostic Substances)
IMNM,Immunome Inc. Common Stock,$7.625,-0.875,-10.294%,662998744.00,United States,2020,1481305,Health Care,Biotechnology: Pharmaceutical Preparations
IMTX,Immatics N.V. Ordinary Shares,$4.59,-0.51,-10.00%,557915276.00,Germany,,571790,Health Care,Biotechnology: Biological Products (No Diagnostic Substances)
IMVT,Immunovant Inc. Common Stock,$13.84,-1.38,-9.067%,2350871853.00,United States,2019,1962459,Health Care,Biotechnology: Biological Products (No Diagnostic Substances)
INDV,Indivior PLC Ordinary Shares,$11.70,-0.20,-1.681%,1459679668.00,United Kingdom,,723204,Health Care,Biotechnology: Pharmaceutical Preparations
INNV,InnovAge Holding Corp. Common Stock,$2.85,-0.04,-1.384%,385444679.00,United States,2021,32379,Health Care,Medical/Nursing Services
INVA,Innoviva Inc. Common Stock,$18.71,-0.03,-0.16%,1172659447.00,United States,2004,440806,Health Care,Biotechnology: Pharmaceutical Preparations
IONS,Ionis Pharmaceuticals Inc. Common Stock,$31.86,-1.785,-5.305%,5070808894.00,United States,,1956001,Health Care,Biotechnology: Pharmaceutical Preparations
IOVA,Iovance Biotherapeutics Inc. Common Stock,$3.10,-0.40,-11.429%,1016417751.00,United States,,12930001,Health Care,Biotechnology: Biological Products (No Diagnostic Substances)
IRMD,iRadimed Corporation Common Stock,$51.02,-1.28,-2.447%,648722973.00,United States,2014,34199,Health Care,Medical/Dental Instruments
IRON,Disc Medicine Inc. Common Stock,$42.575,-6.025,-12.397%,1471776963.00,United States,,800676,Health Care,Biotechnology: Pharmaceutical Preparations
IRTC,iRhythm Technologies Inc. Common Stock,$135.18,-0.58,-0.427%,4315657593.00,United States,2016,805862,Health Care,Medical/Dental Instruments
IVA,Inventiva S.A. American Depository Shares,$3.4532,-0.0718,-2.037%,330341369.00,France,2020,12321,Health Care,Biotechnology: Pharmaceutical Preparations
JANX,Janux Therapeutics Inc. Common Stock,$25.54,-4.25,-14.267%,1509545454.00,United States,2021,2375494,Health Care,Biotechnology: Pharmaceutical Preparations
JAZZ,Jazz Pharmaceuticals plc Common Stock (Ireland),$111.17,-7.02,-5.94%,6751629690.00,Ireland,2007,2904828,Health Care,Biotechnology: Pharmaceutical Preparations
KALV,KalVista Pharmaceuticals Inc. Common Stock,$12.49,-0.61,-4.656%,620948294.00,United Kingdom,2015,651726,Health Care,Biotechnology: Pharmaceutical Preparations
KIDS,OrthoPediatrics Corp. Common Stock,$21.40,0.32,1.518%,519733026.00,United States,2017,192006,Health Care,Medical/Dental Instruments
KMTS,Kestra Medical Technologies Ltd. Common Stock,$22.19,-0.38,-1.684%,1139426677.00,United States,2025,91910,Health Care,Medical/Dental Instruments
KNSA,Kiniksa Pharmaceuticals International plc Class A Ordinary Shares,$26.94,-0.84,-3.024%,1965837851.00,United States,2018,562097,Health Care,Biotechnology: Pharmaceutical Preparations
KROS,Keros Therapeutics Inc. Common Stock,$13.76,-0.795,-5.462%,558133767.00,United States,2020,1083226,Health Care,Biotechnology: Pharmaceutical Preparations
KRYS,Krystal Biotech Inc. Common Stock,$139.47,-22.82,-14.061%,4017583699.00,United States,2017,1333424,Health Care,Biotechnology: Biological Products (No Diagnostic Substances)
KURA,Kura Oncology Inc. Common Stock,$5.79,-0.93,-13.839%,501267438.00,United States,,2100647,Health Care,Biotechnology: Pharmaceutical Preparations
KYMR,Kymera Therapeutics Inc. Common Stock,$28.57,-5.01,-14.92%,1855453966.00,United States,2020,1352064,Health Care,Biotechnology: Biological Products (No Diagnostic Substances)
LEGN,Legend Biotech Corporation American Depositary Shares,$31.37,-2.03,-6.078%,5761074086.00,United States,2020,2262858,Health Care,Biotechnology: Pharmaceutical Preparations
LENZ,LENZ Therapeutics Inc. Common Stock,$25.89,-3.21,-11.031%,713085008.00,United States,2021,514081,Health Care,Biotechnology: Biological Products (No Diagnostic Substances)
LFMD,LifeMD Inc. Common Stock,$7.76,0.22,2.918%,345969419.00,United States,,2408824,Health Care,Medical/Nursing Services
LFMDP,LifeMD Inc. 8.875% Series A Cumulative Perpetual Preferred Stock,$24.15,-0.55,-2.227%,1076696065.00,United States,,599,Health Care,Medical/Nursing Services
LFST,LifeStance Health Group Inc. Common Stock,$6.55,-0.07,-1.057%,2518803496.00,United States,2021,1989752,Health Care,Medical/Nursing Services
LGND,Ligand Pharmaceuticals Incorporated Common Stock,$103.32,-3.03,-2.849%,1989463072.00,United States,,95801,Health Care,Biotechnology: Pharmaceutical Preparations
LIVN,LivaNova PLC Ordinary Shares,$35.16,-1.12,-3.087%,1911008057.00,United Kingdom,,2386957,Health Care,Biotechnology: Electromedical & Electrotherapeutic Apparatus
LMAT,LeMaitre Vascular Inc. Common Stock,$82.09,1.65,2.051%,1851838019.00,United States,2006,192987,Health Care,Medical/Dental Instruments
LNTH,Lantheus Holdings Inc. Common Stock,$104.84,-3.14,-2.908%,7179084123.00,United States,2015,1075814,Health Care,Biotechnology: In Vitro & In Vivo Diagnostic Substances
LQDA,Liquidia Corporation Common Stock,$15.535,-0.585,-3.629%,1325112772.00,United States,2018,1370754,Health Care,Biotechnology: Pharmaceutical Preparations
MASI,Masimo Corporation Common Stock,$161.47,-1.39,-0.853%,8711111444.00,United States,2007,909899,Health Care,Biotechnology: Electromedical & Electrotherapeutic Apparatus
MAZE,Maze Therapeutics Inc. Common Stock,$9.11,-1.31,-12.572%,398982079.00,United States,2025,131647,Health Care,Biotechnology: Biological Products (No Diagnostic Substances)
MBX,MBX Biosciences Inc. Common Stock,$10.82,-1.25,-10.356%,361651694.00,United States,2024,436964,Health Care,Biotechnology: Pharmaceutical Preparations
MDGL,Madrigal Pharmaceuticals Inc. Common Stock,$295.13,-11.25,-3.672%,6552854617.00,United States,2007,371748,Health Care,Biotechnology: Pharmaceutical Preparations
MDXG,MiMedx Group Inc Common Stock,$6.61,-0.01,-0.151%,976311145.00,United States,,1536045,Health Care,Biotechnology: Pharmaceutical Preparations
MEDP,Medpace Holdings Inc. Common Stock,$288.77,-11.72,-3.90%,8299714431.00,United States,2016,761356,Health Care,Biotechnology: Commercial Physical & Biological Resarch
MGTX,MeiraGTx Holdings plc Ordinary Shares,$5.87,-0.58,-8.992%,462878474.00,United States,2018,885263,Health Care,Biotechnology: Biological Products (No Diagnostic Substances)
MIRM,Mirum Pharmaceuticals Inc. Common Stock,$41.00,-3.15,-7.135%,2009581790.00,United States,2019,372763,Health Care,Biotechnology: Pharmaceutical Preparations
MLTX,MoonLake Immunotherapeutics Class A Ordinary Shares,$39.265,-2.64,-6.30%,2513433025.00,United States,2020,346528,Health Care,Biotechnology: Pharmaceutical Preparations
MLYS,Mineralys Therapeutics Inc. Common Stock,$14.46,-1.17,-7.486%,720623311.00,United States,2023,921124,Health Care,Biotechnology: Pharmaceutical Preparations
MMSI,Merit Medical Systems Inc. Common Stock,$92.87,-1.08,-1.15%,5488573908.00,United States,,647206,Health Care,Medical/Dental Instruments
MNKD,MannKind Corporation Common Stock,$4.78,-0.18,-3.629%,1451166624.00,United States,2004,1247541,Health Care,Biotechnology: Pharmaceutical Preparations
MNMD,Mind Medicine (MindMed) Inc. Common Shares,$6.31,-0.24,-3.664%,475574345.00,United States,,947060,Health Care, Medicinal Chemicals and Botanical Products 
MREO,Mereo BioPharma Group plc American Depositary Shares,$2.33,-0.22,-8.627%,361489264.00,United Kingdom,,996423,Health Care,Biotechnology: Pharmaceutical Preparations
MRNA,Moderna Inc. Common Stock,$24.43,-3.41,-12.249%,9448102663.00,United States,2018,23279594,Health Care,Biotechnology: Biological Products (No Diagnostic Substances)
MRUS,Merus N.V. Common Shares,$39.445,-3.915,-9.029%,2725273550.00,Netherlands,2016,1669094,Health Care,Biotechnology: Pharmaceutical Preparations
MRVI,Maravai LifeSciences Holdings Inc. Class A Common Stock,$2.035,-0.085,-4.009%,517573522.00,United States,2020,1523190,Health Care,Biotechnology: Pharmaceutical Preparations
MTSR,Metsera Inc. Common Stock,$22.74,-1.24,-5.171%,2388841980.00,United States,2025,1033503,Health Care,Biotechnology: Pharmaceutical Preparations
MYGN,Myriad Genetics Inc. Common Stock,$7.27,-0.43,-5.584%,663816895.00,United States,1995,2945118,Health Care,Biotechnology: In Vitro & In Vivo Diagnostic Substances
NAGE,Niagen Bioscience Inc. Common Stock,$8.73,0.28,3.314%,678761402.00,United States,,2161982,Health Care, Medicinal Chemicals and Botanical Products 
NAMS,NewAmsterdam Pharma Company N.V. Ordinary Shares,$19.00,-1.24,-6.126%,2086538428.00,Netherlands,,1359846,Health Care,Biotechnology: Pharmaceutical Preparations
NAMSW,NewAmsterdam Pharma Company N.V. Warrant,$8.64,-0.70,-7.495%,948825896.00,Netherlands,,240,Health Care,Biotechnology: Pharmaceutical Preparations
NEO,NeoGenomics Inc. Common Stock,$7.69,-0.15,-1.913%,989660728.00,United States,,2504946,Health Care,Precision Instruments
NEOG,Neogen Corporation Common Stock,$5.49,-0.15,-2.66%,1191540086.00,United States,1989,4093007,Health Care,Biotechnology: In Vitro & In Vivo Diagnostic Substances
NNNN,Anbio Biotechnology Class A Ordinary Shares,$6.57,0.26,4.12%,945365184.00,Germany,2025,14360,Health Care,Biotechnology: In Vitro & In Vivo Diagnostic Substances
NPCE,Neuropace Inc. Common Stock,$11.69,0.16,1.388%,380627920.00,United States,2021,114380,Health Care,Medical/Dental Instruments
NRIX,Nurix Therapeutics Inc. Common stock,$9.645,-1.295,-11.837%,735292304.00,United States,2020,680850,Health Care,Biotechnology: Pharmaceutical Preparations
NTLA,Intellia Therapeutics Inc. Common Stock,$7.25,-1.19,-14.10%,750501585.00,United States,2016,4224702,Health Care,Biotechnology: In Vitro & In Vivo Diagnostic Substances
NUVL,Nuvalent Inc. Class A Common Stock,$68.19,-7.24,-9.598%,4882262165.00,United States,2021,966929,Health Care,Biotechnology: Pharmaceutical Preparations
NVAX,Novavax Inc. Common Stock,$6.07,-0.20,-3.19%,976324276.00,United States,,10981386,Health Care,Biotechnology: Biological Products (No Diagnostic Substances)
NVCR,NovoCure Limited Ordinary Shares,$16.33,-1.43,-8.052%,1820560403.00,Jersey,2015,1017633,Health Care,Medical/Dental Instruments
OCS,Oculis Holding AG Ordinary shares,$18.31,-0.26,-1.40%,799458581.00,Switzerland,,10276,Health Care,Biotechnology: Pharmaceutical Preparations
OCUL,Ocular Therapeutix Inc. Common Stock,$7.175,-0.555,-7.18%,1140984608.00,United States,2014,1903357,Health Care,Biotechnology: Pharmaceutical Preparations
OLMA,Olema Pharmaceuticals Inc. Common Stock,$4.60,-0.96,-17.266%,314332099.00,United States,2020,1634018,Health Care,Biotechnology: Pharmaceutical Preparations
OMER,Omeros Corporation Common Stock,$6.34,-0.47,-6.902%,368125132.00,United States,2009,801159,Health Care,Biotechnology: Pharmaceutical Preparations
OPCH,Option Care Health Inc. Common Stock,$32.74,-0.07,-0.213%,5361084965.00,United States,,1778385,Health Care,Medical/Nursing Services
OPK,OPKO Health Inc. Common Stock,$1.28,-0.08,-5.882%,1015107588.00,United States,,9840930,Health Care,Biotechnology: Pharmaceutical Preparations
ORGO,Organogenesis Holdings Inc. Class A Common Stock,$5.20,-0.12,-2.256%,659506078.00,United States,2016,1472257,Health Care,Biotechnology: Pharmaceutical Preparations
ORIC,Oric Pharmaceuticals Inc. Common Stock,$5.04,-0.66,-11.579%,357975198.00,United States,2020,1025617,Health Care,Biotechnology: Pharmaceutical Preparations
ORKA,Oruka Therapeutics Inc. Common Stock,$9.29,-0.69,-6.914%,347822338.00,United States,,227536,Health Care,Biotechnology: In Vitro & In Vivo Diagnostic Substances
PAHC,Phibro Animal Health Corporation Class A Common Stock,$19.04,-0.49,-2.509%,771188696.00,United States,2014,314777,Health Care,Biotechnology: Pharmaceutical Preparations
PCRX,Pacira BioSciences Inc. Common Stock,$25.15,-0.66,-2.557%,1163847461.00,United States,2011,548492,Health Care,Biotechnology: Pharmaceutical Preparations
PCVX,Vaxcyte Inc. Common Stock,$29.24,-5.04,-14.702%,3764989827.00,United States,2020,4619843,Health Care,Biotechnology: Pharmaceutical Preparations
PGEN,Precigen Inc. Common Stock,$1.395,-0.125,-8.224%,410189947.00,United States,,1995802,Health Care,Biotechnology: Pharmaceutical Preparations
PGNY,Progyny Inc. Common Stock,$23.36,-0.04,-0.171%,1995254291.00,United States,2019,1041992,Health Care,Misc Health and Biotechnology Services
PHAR,Pharming Group N.V. ADS each representing 10 ordinary shares,$9.045,-0.335,-3.571%,618615662.00,Netherlands,,4345,Health Care,Biotechnology: Pharmaceutical Preparations
PHVS,Pharvaris N.V. Ordinary Shares,$16.83,-1.83,-9.807%,917119580.00,Netherlands,2021,168072,Health Care,Biotechnology: Pharmaceutical Preparations
PLSE,Pulse Biosciences Inc Common Stock (DE),$16.55,-0.04,-0.241%,1113381390.00,United States,2016,210223,Health Care,Medical/Dental Instruments
PNTG,The Pennant Group Inc. Common Stock ,$26.84,0.10,0.374%,924100905.00,United States,,195747,Health Care,Medical/Nursing Services
PRAX,Praxis Precision Medicines Inc. Common Stock,$35.17,-3.79,-9.728%,716377097.00,United States,2020,478100,Health Care,Biotechnology: Pharmaceutical Preparations
PRCT,PROCEPT BioRobotics Corporation Common Stock,$53.23,-1.18,-2.169%,2945144998.00,United States,2021,691526,Health Care,Medical/Dental Instruments
PRTA,Prothena Corporation plc Ordinary Shares,$7.35,-0.73,-9.035%,395628318.00,United States,,4164929,Health Care,Biotechnology: Pharmaceutical Preparations
PRTC,PureTech Health plc American Depositary Shares,$17.41,-0.43,-2.41%,416832501.00,United States,,489,Health Care,Biotechnology: Pharmaceutical Preparations
PRVA,Privia Health Group Inc. Common Stock,$22.72,-0.26,-1.131%,2738059518.00,United States,2021,427909,Health Care,Medical/Nursing Services
PSNL,Personalis Inc. Common Stock,$4.00,-0.26,-6.103%,353053076.00,United States,2019,1321133,Health Care,Medical Specialities
PTCT,PTC Therapeutics Inc. Common Stock,$36.19,-4.46,-10.972%,2854282428.00,United States,2013,4182227,Health Care,Biotechnology: Pharmaceutical Preparations
PTGX,Protagonist Therapeutics Inc. Common Stock,$42.01,-2.27,-5.126%,2578753981.00,United States,2016,807789,Health Care,Biotechnology: Pharmaceutical Preparations
QDEL,QuidelOrtho Corporation Common Stock,$25.94,-1.75,-6.32%,1749563351.00,United States,,2389505,Health Care,Biotechnology: In Vitro & In Vivo Diagnostic Substances
QURE,uniQure N.V. Ordinary Shares,$11.48,-4.41,-27.753%,620802582.00,Netherlands,2014,7894976,Health Care,Biotechnology: Pharmaceutical Preparations
RAPP,Rapport Therapeutics Inc. Common Stock,$10.39,-0.59,-5.373%,379197980.00,United States,2024,151198,Health Care,Biotechnology: Pharmaceutical Preparations
RARE,Ultragenyx Pharmaceutical Inc. Common Stock,$35.06,-3.81,-9.802%,3243089478.00,United States,2014,1317757,Health Care,Biotechnology: Pharmaceutical Preparations
RCKT,Rocket Pharmaceuticals Inc. Common Stock,$6.31,-1.54,-19.618%,672833413.00,United States,2015,5901687,Health Care,Biotechnology: Pharmaceutical Preparations
RDNT,RadNet Inc. Common Stock,$53.30,0.17,0.32%,3946423410.00,United States,,632743,Health Care,Medical Specialities
REPL,Replimune Group Inc. Common Stock,$7.50,-2.51,-25.075%,577610858.00,United States,2018,4056732,Health Care,Biotechnology: Biological Products (No Diagnostic Substances)
RGEN,Repligen Corporation Common Stock,$130.40,-10.52,-7.465%,7326276240.00,United States,1986,1117475,Health Care,Biotechnology: Biological Products (No Diagnostic Substances)
RGLS,Regulus Therapeutics Inc. Common Stock,$7.83,-0.02,-0.255%,518685697.00,United States,2012,946136,Health Care,Biotechnology: Pharmaceutical Preparations
RGNX,REGENXBIO Inc. Common Stock,$7.92,-1.84,-18.852%,396682213.00,United States,2015,2092968,Health Care,Biotechnology: Biological Products (No Diagnostic Substances)
RIGL,Rigel Pharmaceuticals Inc. Common Stock,$18.26,-0.85,-4.448%,326177613.00,United States,2000,325344,Health Care,Biotechnology: Pharmaceutical Preparations
RLAY,Relay Therapeutics Inc. Common Stock,$3.15,-0.17,-5.12%,533993824.00,United States,2020,5610986,Health Care,Biotechnology: Biological Products (No Diagnostic Substances)
RNA,Avidity Biosciences Inc. Common Stock,$26.26,-6.02,-18.649%,3156775024.00,United States,2020,4205849,Health Care,Biotechnology: Pharmaceutical Preparations
ROIV,Roivant Sciences Ltd. Common Shares,$11.06,-0.51,-4.408%,7891857005.00,United Kingdom,,7640309,Health Care,Biotechnology: Pharmaceutical Preparations
RVMD,Revolution Medicines Inc. Common Stock,$37.44,-2.355,-5.918%,6960594925.00,United States,2020,3089366,Health Care,Biotechnology: Biological Products (No Diagnostic Substances)
RXRX,Recursion Pharmaceuticals Inc. Class A Common Stock,$4.155,-0.60,-12.618%,1670271230.00,United States,2021,31948344,Health Care,Biotechnology: Biological Products (No Diagnostic Substances)
RXST,RxSight Inc. Common Stock,$13.95,-0.69,-4.713%,564843061.00,United States,2021,1040683,Health Care,Ophthalmic Goods
RYTM,Rhythm Pharmaceuticals Inc. Common Stock,$62.71,-1.70,-2.639%,3964759920.00,United States,2017,828000,Health Care,Biotechnology: Pharmaceutical Preparations
SAGE,Sage Therapeutics Inc. Common Stock,$6.86,-0.31,-4.324%,429577961.00,United States,2014,1566565,Health Care,Biotechnology: Pharmaceutical Preparations
SANA,Sana Biotechnology Inc. Common Stock,$1.71,-0.16,-8.556%,384792577.00,United States,2021,2835522,Health Care,Biotechnology: Biological Products (No Diagnostic Substances)
SBC,SBC Medical Group Holdings Incorporated Common Stock,$3.12,0.03,0.971%,323267103.00,United States,2022,17545,Health Care,Medical/Nursing Services
SDGR,Schrodinger Inc. Common Stock,$23.56,-2.42,-9.315%,1720784539.00,United States,2020,1444161,Health Care,Biotechnology: Pharmaceutical Preparations
SGRY,Surgery Partners Inc. Common Stock,$23.01,-0.46,-1.96%,2936377224.00,United States,2015,603985,Health Care,Hospital/Nursing Management
SHC,Sotera Health Company Common Stock,$12.85,-0.07,-0.542%,3647537701.00,United States,2020,1293200,Health Care,Misc Health and Biotechnology Services
SIBN,SI-BONE Inc. Common Stock,$16.45,2.20,15.439%,698353758.00,United States,2018,1288908,Health Care,Medical/Dental Instruments
SIGA,SIGA Technologies Inc. Common Stock,$5.27,-0.13,-2.407%,376472605.00,United States,,543633,Health Care,Biotechnology: Pharmaceutical Preparations
SION,Sionna Therapeutics Inc. Common Stock,$12.76,-0.03,-0.235%,563027267.00,United States,2025,152055,Health Care,Biotechnology: Pharmaceutical Preparations
SLNO,Soleno Therapeutics Inc. Common Stock,$73.71,-2.78,-3.634%,3380140920.00,United States,2014,906236,Health Care,Biotechnology: Electromedical & Electrotherapeutic Apparatus
SMLR,Semler Scientific Inc. Common Stock,$33.09,-0.49,-1.459%,317547722.00,United States,,411028,Health Care,Biotechnology: Electromedical & Electrotherapeutic Apparatus
SNDL,SNDL Inc. Common Shares,$1.31,-0.04,-2.963%,337044352.00,Canada,2019,1953204,Health Care, Medicinal Chemicals and Botanical Products 
SNDX,Syndax Pharmaceuticals Inc. Common Stock,$10.64,-2.93,-21.592%,915299552.00,United States,2016,7853680,Health Care,Biotechnology: Pharmaceutical Preparations
SPRY,ARS Pharmaceuticals Inc. Common Stock,$14.02,-0.24,-1.683%,1375639652.00,United States,2020,1148202,Health Care,Biotechnology: Pharmaceutical Preparations
SRDX,Surmodics Inc. Common Stock,$27.37,0.40,1.483%,391370910.00,United States,1998,42679,Health Care,Medical/Dental Instruments
SRPT,Sarepta Therapeutics Inc. Common Stock (DE),$46.75,-16.91,-26.563%,4536249413.00,United States,,15763443,Health Care,Biotechnology: Pharmaceutical Preparations
SRRK,Scholar Rock Holding Corporation Common Stock,$29.31,-3.26,-10.009%,2774975924.00,United States,2018,1998520,Health Care,Biotechnology: Biological Products (No Diagnostic Substances)
STAA,STAAR Surgical Company Common Stock,$18.64,-0.34,-1.791%,919424934.00,United States,,863603,Health Care,Ophthalmic Goods
STOK,Stoke Therapeutics Inc. Common Stock,$8.75,-0.95,-9.794%,473180216.00,United States,2019,1192578,Health Care,Biotechnology: Pharmaceutical Preparations
SUPN,Supernus Pharmaceuticals Inc. Common Stock,$32.43,0.04,0.123%,1807748571.00,United States,2012,755872,Health Care,Biotechnology: Pharmaceutical Preparations
SVRA,Savara Inc. Common Stock,$3.00,-0.28,-8.537%,517899420.00,United States,,750624,Health Care,Biotechnology: Pharmaceutical Preparations
SWTX,SpringWorks Therapeutics Inc. Common Stock,$46.16,-0.07,-0.151%,3459038836.00,United States,2019,7294752,Health Care,Biotechnology: Biological Products (No Diagnostic Substances)
SYRE,Spyre Therapeutics Inc. Common Stock,$12.51,-1.58,-11.214%,754047268.00,United States,2016,483451,Health Care,Biotechnology: Pharmaceutical Preparations
TALK,Talkspace Inc. Common Stock,$3.145,0.015,0.479%,529735158.00,United States,2020,3879570,Health Care,Medical/Nursing Services
TARS,Tarsus Pharmaceuticals Inc. Common Stock,$46.45,-1.55,-3.229%,1951561309.00,United States,2020,533030,Health Care,Biotechnology: Biological Products (No Diagnostic Substances)
TECH,Bio-Techne Corp Common Stock,$47.72,-2.08,-4.177%,7543944233.00,United States,,3186203,Health Care,Biotechnology: Biological Products (No Diagnostic Substances)
TECX,Tectonic Therapeutic Inc. Common Stock,$18.92,-2.47,-11.547%,353097754.00,United States,2018,265221,Health Care,Biotechnology: Biological Products (No Diagnostic Substances)
TGTX,TG Therapeutics Inc. Common Stock,$34.86,-2.82,-7.484%,5475480245.00,United States,,5427076,Health Care,Biotechnology: Pharmaceutical Preparations
TKNO,Alpha Teknova Inc. Common Stock,$5.925,-0.085,-1.414%,316613076.00,United States,2021,1002900,Health Care,Biotechnology: In Vitro & In Vivo Diagnostic Substances
TLRY,Tilray Brands Inc. Common Stock ,$0.421,-0.0184,-4.188%,394752837.00,United States,2018,23876849,Health Care, Medicinal Chemicals and Botanical Products 
TMCI,Treace Medical Concepts Inc. Common Stock,$7.38,0.06,0.82%,462126191.00,United States,2021,613798,Health Care,Medical/Dental Instruments
TMDX,TransMedics Group Inc. Common Stock,$93.38,1.17,1.269%,3143391457.00,United States,2019,728115,Health Care,Biotechnology: Electromedical & Electrotherapeutic Apparatus
TNDM,Tandem Diabetes Care Inc. Common Stock,$21.32,0.03,0.141%,1420065632.00,United States,2013,2578506,Health Care,Medical/Dental Instruments
TRDA,Entrada Therapeutics Inc. Common Stock,$8.33,-0.76,-8.361%,313163268.00,United States,2021,191814,Health Care,Biotechnology: Pharmaceutical Preparations
TRML,Tourmaline Bio Inc. Common Stock,$14.54,-1.38,-8.668%,373510485.00,United States,2021,313478,Health Care,Biotechnology: Biological Products (No Diagnostic Substances)
TRUP,Trupanion Inc. Common Stock,$44.73,-0.08,-0.179%,1913713783.00,United States,,571814,Health Care,Medical Specialities
TRVI,Trevi Therapeutics Inc. Common Stock,$6.58,-0.32,-4.638%,636169067.00,United States,2019,707354,Health Care,Biotechnology: Pharmaceutical Preparations
TSHA,Taysha Gene Therapies Inc. Common Stock,$2.00,-0.46,-18.699%,410003264.00,United States,2020,8488600,Health Care,Biotechnology: Biological Products (No Diagnostic Substances)
TVTX,Travere Therapeutics Inc. Common Stock,$19.95,-1.46,-6.819%,1771656119.00,United States,,1840400,Health Care,Biotechnology: Pharmaceutical Preparations
TWST,Twist Bioscience Corporation Common Stock,$32.75,-3.18,-8.851%,1953574901.00,United States,2018,1968737,Health Care,Biotechnology: Biological Products (No Diagnostic Substances)
TYRA,Tyra Biosciences Inc. Common Stock,$10.00,-0.50,-4.762%,530899570.00,United States,2021,733966,Health Care,Biotechnology: Pharmaceutical Preparations
UFPT,UFP Technologies Inc. Common Stock,$219.49,22.07,11.179%,1685750144.00,United States,1993,214664,Health Care,Medical/Dental Instruments
UPB,Upstream Bio Inc. Common Stock,$8.21,-0.47,-5.415%,440391748.00,United States,2024,906996,Health Care,Biotechnology: Pharmaceutical Preparations
VALN,Valneva SE American Depositary Shares,$6.478,-0.1782,-2.677%,526407216.00,France,2021,5207,Health Care,Biotechnology: Biological Products (No Diagnostic Substances)
VCEL,Vericel Corporation Common Stock,$38.45,-0.81,-2.063%,1921329890.00,United States,,481585,Health Care,Biotechnology: Biological Products (No Diagnostic Substances)
VCYT,Veracyte Inc. Common Stock,$30.56,-0.76,-2.427%,2381992232.00,United States,2013,1043314,Health Care,Medical Specialities
VERA,Vera Therapeutics Inc. Class A Common Stock,$22.01,-3.52,-13.788%,1403099863.00,United States,2021,4474258,Health Care,Biotechnology: Pharmaceutical Preparations
VERV,Verve Therapeutics Inc. Common Stock,$4.36,-0.80,-15.504%,387149548.00,United States,2021,4611111,Health Care,Biotechnology: Pharmaceutical Preparations
VIR,Vir Biotechnology Inc. Common Stock,$5.63,-0.52,-8.455%,772116700.00,United States,2019,1898074,Health Care,Biotechnology: Biological Products (No Diagnostic Substances)
VKTX,Viking Therapeutics Inc. Common Stock,$27.01,-2.48,-8.41%,3033480810.00,United States,2015,4029527,Health Care,Biotechnology: Pharmaceutical Preparations
VRDN,Viridian Therapeutics Inc. Common Stock,$12.03,-1.09,-8.308%,980263949.00,United States,2014,1189539,Health Care,Medical Specialities
VRNA,Verona Pharma plc American Depositary Share,$70.07,-2.18,-3.017%,5965199450.00,United Kingdom,2017,1102350,Health Care,Biotechnology: Pharmaceutical Preparations
VSTM,Verastem Inc. Common Stock,$6.53,-0.48,-6.847%,336208184.00,United States,2012,1248200,Health Care,Biotechnology: Pharmaceutical Preparations
XENE,Xenon Pharmaceuticals Inc. Common Shares,$35.18,-2.36,-6.287%,2692776091.00,Canada,2014,1350442,Health Care,Biotechnology: Pharmaceutical Preparations
XERS,Xeris Biopharma Holdings Inc. Common Stock,$4.30,-0.34,-7.328%,661942581.00,United States,2018,2749778,Health Care,Biotechnology: Pharmaceutical Preparations
XNCR,Xencor Inc. Common Stock,$8.46,-2.26,-21.082%,596107962.00,United States,2013,2356553,Health Care,Biotechnology: Pharmaceutical Preparations
XOMAP,XOMA Royalty Corporation 8.625% Series A Cumulative Perpetual Preferred Stock,$25.71,-0.57,-2.169%,307972814.00,United States,,814,Health Care,Biotechnology: Pharmaceutical Preparations
XRAY,DENTSPLY SIRONA Inc. Common Stock,$13.37,-0.47,-3.396%,2660522545.00,United States,1987,3401761,Health Care,Medical/Dental Instruments
ZBIO,Zenas BioPharma Inc. Common Stock,$9.025,-2.215,-19.706%,377239007.00,United States,2024,311900,Health Care,Biotechnology: Pharmaceutical Preparations
ZVRA,Zevra Therapeutics Inc. Common Stock,$7.40,-0.60,-7.50%,400457431.00,United States,,424427,Health Care,Biotechnology: Pharmaceutical Preparations
ZYME,Zymeworks Inc. Common Stock,$11.74,-1.11,-8.638%,816832606.00,United States,,546665,Health Care,Biotechnology: Pharmaceutical Preparations
